{"text": " O P Q", "segments": [{"id": 0, "seek": 0, "start": 0.0, "end": 6.0, "text": " O", "tokens": [50364, 422, 50664], "temperature": 0.0, "avg_logprob": -0.630173635482788, "compression_ratio": 0.38461538461538464, "no_speech_prob": 0.1896158903837204}, {"id": 1, "seek": 0, "start": 6.0, "end": 12.0, "text": " P", "tokens": [50664, 430, 50964], "temperature": 0.0, "avg_logprob": -0.630173635482788, "compression_ratio": 0.38461538461538464, "no_speech_prob": 0.1896158903837204}, {"id": 2, "seek": 0, "start": 12.0, "end": 18.0, "text": " Q", "tokens": [50964, 1249, 51264], "temperature": 0.0, "avg_logprob": -0.630173635482788, "compression_ratio": 0.38461538461538464, "no_speech_prob": 0.1896158903837204}], "language": "English"}