{"text": " A B C C", "segments": [{"id": 0, "seek": 0, "start": 0.0, "end": 6.0, "text": " A", "tokens": [50364, 316, 50664], "temperature": 0.0, "avg_logprob": -0.7603530883789062, "compression_ratio": 0.4666666666666667, "no_speech_prob": 0.0875893086194992}, {"id": 1, "seek": 0, "start": 6.0, "end": 12.0, "text": " B", "tokens": [50664, 363, 50964], "temperature": 0.0, "avg_logprob": -0.7603530883789062, "compression_ratio": 0.4666666666666667, "no_speech_prob": 0.0875893086194992}, {"id": 2, "seek": 0, "start": 12.0, "end": 15.0, "text": " C", "tokens": [50964, 383, 51114], "temperature": 0.0, "avg_logprob": -0.7603530883789062, "compression_ratio": 0.4666666666666667, "no_speech_prob": 0.0875893086194992}, {"id": 3, "seek": 0, "start": 15.0, "end": 20.0, "text": " C", "tokens": [51114, 383, 51364], "temperature": 0.0, "avg_logprob": -0.7603530883789062, "compression_ratio": 0.4666666666666667, "no_speech_prob": 0.0875893086194992}], "language": "en"}