{"text": " L M N", "segments": [{"id": 0, "seek": 0, "start": 0.0, "end": 6.0, "text": " L", "tokens": [50364, 441, 50664], "temperature": 0.0, "avg_logprob": -0.6127125263214112, "compression_ratio": 0.38461538461538464, "no_speech_prob": 0.14202754199504852}, {"id": 1, "seek": 0, "start": 6.0, "end": 12.0, "text": " M", "tokens": [50664, 376, 50964], "temperature": 0.0, "avg_logprob": -0.6127125263214112, "compression_ratio": 0.38461538461538464, "no_speech_prob": 0.14202754199504852}, {"id": 2, "seek": 0, "start": 12.0, "end": 18.0, "text": " N", "tokens": [50964, 426, 51264], "temperature": 0.0, "avg_logprob": -0.6127125263214112, "compression_ratio": 0.38461538461538464, "no_speech_prob": 0.14202754199504852}], "language": "English"}