{"text": " I want to buy new clothes", "segments": [{"id": 0, "seek": 0, "start": 0.0, "end": 3.08, "text": " I want to buy new clothes", "tokens": [50364, 286, 528, 281, 2256, 777, 5534, 50518], "temperature": 0.0, "avg_logprob": -0.34719642003377277, "compression_ratio": 0.7575757575757576, "no_speech_prob": 0.036161232739686966}], "language": "English"}